<beans xmlns="http://www.springframework.org/schema/beans"
	xmlns:xsi="http://www.w3.org/2001/XMLSchema-instance"
	xmlns:context="http://www.springframework.org/schema/context"
	xmlns:mvc="http://www.springframework.org/schema/mvc"
	xmlns:tx="http://www.springframework.org/schema/tx"
	xsi:schemaLocation="http://www.springframework.org/schema/mvc http://www.springframework.org/schema/mvc/spring-mvc.xsd
		http://www.springframework.org/schema/beans http://www.springframework.org/schema/beans/spring-beans.xsd
		http://www.springframework.org/schema/tx http://www.springframework.org/schema/tx/spring-tx-4.1.xsd
		http://www.springframework.org/schema/context http://www.springframework.org/schema/context/spring-context.xsd">
 
	<context:annotation-config /> 
	
	<context:component-scan base-package="com.tra" />
	<mvc:annotation-driven />
   <!-- Initialization for data source -->
	<bean id="dataSource" class="org.springframework.jdbc.datasource.DriverManagerDataSource">
		<property name="driverClassName" value="oracle.jdbc.driver.OracleDriver" />
		<property name="url" value="jdbc:oracle:thin:@10.232.71.29:1521:INATP02" />
		<property name="username" value="" />
		<property name="password" value="" />
	</bean>
   
<!-- 	 <bean id="stockDAOImpl" class="com.bku.inautix.dao.impl.StockDAOImpl" >-->

	 <bean id="stockBean" class="com.tra.bean.SessionBean" >		
		
	</bean> 
  
    
 
</beans>